Sample,Group,SiO2_wt%,TiO2_wt%,Al2O3_wt%,Fe2O3T_wt%,MnO_wt%,MgO_wt%,CaO_wt%,Na2O_wt%,K2O_wt%,P2O5_wt%,Rb_ppm,Sr_ppm,Zr_ppm
SYN-01,Series A,47.0,1.45,16.2,10.8,0.18,7.8,10.2,2.5,0.5,0.28,22,430,105
SYN-02,Series A,50.0,1.20,16.8,9.4,0.16,5.9,8.6,3.5,2.5,0.24,48,390,145
SYN-03,Series A,54.0,0.98,17.1,8.1,0.14,4.1,7.1,3.0,1.0,0.20,62,350,170
SYN-04,Series B,54.0,0.92,17.5,7.9,0.13,3.7,6.8,4.2,3.0,0.18,85,320,205
SYN-05,Series B,59.5,0.70,16.9,6.4,0.11,2.4,5.1,3.5,1.3,0.14,105,270,240
SYN-06,Series B,59.0,0.68,17.0,6.2,0.10,2.2,4.8,5.0,4.0,0.13,132,245,275
SYN-07,Series C,66.0,0.42,15.8,4.6,0.08,1.2,3.2,4.0,1.5,0.09,155,190,315
SYN-08,Series C,74.0,0.20,13.9,2.5,0.05,0.4,1.4,4.0,2.2,0.04,190,115,365
SYN-09,Series C,49.0,1.10,17.8,8.8,0.15,4.8,7.4,6.0,4.3,0.22,118,360,230
SYN-10,Series C,58.0,0.55,18.1,5.5,0.09,1.8,3.8,7.0,7.0,0.11,175,205,340
